NM_MUNICIPIO;NR_ZONA;NR_SECAO;NM_LOCAL_VOTACAO;DS_LOCAL_VOTACAO_ENDERECO
LAVRAS DA MANGABEIRA;14;1;Colégio São Vicente Ferrér;Sede
LAVRAS DA MANGABEIRA;14;2;Grupo Escolar João Pinto;Sítio Calabaço
LAVRAS DA MANGABEIRA;14;3;Centro Educacional Pequeno Príncipe;Sede
LAVRAS DA MANGABEIRA;14;4;Escola de 1º Grau Filgueiras Lima;Sede
LAVRAS DA MANGABEIRA;14;5;Centro Educacional Pequeno Príncipe;Sede
LAVRAS DA MANGABEIRA;14;6;Escola de 1º Grau Filgueiras Lima;Sede
LAVRAS DA MANGABEIRA;14;7;Escola de 1º Grau Dr. João Gonçalves de Souza;Mangabeira
LAVRAS DA MANGABEIRA;14;8;Escola de 1º e 2º Graus Alda Férrer Augusto Dutra;Sede
LAVRAS DA MANGABEIRA;14;9;Escola de 1º e 2º Graus Alda Férrer Augusto Dutra;Sede
LAVRAS DA MANGABEIRA;14;10;Centro de Educação Infantil Mundo Mágico - Creche;Sede
LAVRAS DA MANGABEIRA;14;11;Centro de Educação Infantil Mundo Mágico - Creche;Sede
LAVRAS DA MANGABEIRA;14;12;Colégio São Vicente Ferrér;Sede
LAVRAS DA MANGABEIRA;14;13;Colégio São Vicente Ferrér;Sede
LAVRAS DA MANGABEIRA;14;14;Centro de Educação Infantil Mundo Mágico - Creche;Sede
LAVRAS DA MANGABEIRA;14;15;Colégio São Vicente Ferrér;Sede
LAVRAS DA MANGABEIRA;14;16;Colégio São Vicente Ferrér;Sede
LAVRAS DA MANGABEIRA;14;17;Colégio São Vicente Ferrér;Sede
LAVRAS DA MANGABEIRA;14;18;Centro Educacional Pequeno Príncipe;Sede
LAVRAS DA MANGABEIRA;14;19;Centro Educacional Pequeno Príncipe;Sede
LAVRAS DA MANGABEIRA;14;20;Escola de 1º Grau Dr. João Gonçalves de Souza;Mangabeira
LAVRAS DA MANGABEIRA;14;21;Escola de 1º Grau Virgílio Aguiar Gurgel;Sede
LAVRAS DA MANGABEIRA;14;22;Escola de 1º e 2º Graus Alda Férrer Augusto Dutra;Sede
LAVRAS DA MANGABEIRA;14;23;Escola de 1º Grau Filgueiras Lima;Sede
LAVRAS DA MANGABEIRA;14;24;Escola de 1º Grau Filgueiras Lima;Sede
LAVRAS DA MANGABEIRA;14;25;Escola de 1º Grau Stela Sampaio;Sede
LAVRAS DA MANGABEIRA;14;26;Escola de 1º e 2º Graus Joaquim Leite Teixeira;Quitaiús
LAVRAS DA MANGABEIRA;14;27;Escola de 1º e 2º Graus Joaquim Leite Teixeira;Quitaiús
LAVRAS DA MANGABEIRA;14;28;Escola de 1º e 2º Graus Joaquim Leite Teixeira;Quitaiús
LAVRAS DA MANGABEIRA;14;29;Associação Comunitária José Leandro;Sítio Barro
LAVRAS DA MANGABEIRA;14;30;Escola de 1º Grau Manoel Gonçalves;Arrojado
LAVRAS DA MANGABEIRA;14;31;Centro de Educação Infantil Papa Paulo VI - Creche;Mangabeira
LAVRAS DA MANGABEIRA;14;32;Escola de 1º Grau Virgílio Aguiar Gurgel;Sede
LAVRAS DA MANGABEIRA;14;33;Escola de 1º Grau Virgílio Aguiar Gurgel;Sede
LAVRAS DA MANGABEIRA;14;34;Escola de 1º Grau Stela Sampaio;Sede
LAVRAS DA MANGABEIRA;14;36;Centro de Educação Infantil Papa Paulo VI - Creche;Mangabeira
LAVRAS DA MANGABEIRA;14;37;Centro de Educação Infantil Papa Paulo VI - Creche;Mangabeira
LAVRAS DA MANGABEIRA;14;38;Escola de 1º Grau Agostinho Caetano;Sítio Patos 2
LAVRAS DA MANGABEIRA;14;39;EEF Francisco Assis de Souza;Iborepi
LAVRAS DA MANGABEIRA;14;40;EEF Francisco Assis de Souza;Iborepi
LAVRAS DA MANGABEIRA;14;42;Associação dos Agricultores do Sítio Carnaúba e Adjacências;Sítio Carnaúba
LAVRAS DA MANGABEIRA;14;43;Grupo Escolar João Pinto;Sítio Calabaço
LAVRAS DA MANGABEIRA;14;44;Escola de 1º e 2º Graus Joaquim Leite Teixeira;Quitaiús
LAVRAS DA MANGABEIRA;14;45;Escola de 1º e 2º Graus Joaquim Leite Teixeira;Quitaiús
LAVRAS DA MANGABEIRA;14;46;Grupo Escolar Romana Ricarte;Amaniutuba
LAVRAS DA MANGABEIRA;14;47;Grupo Escolar Romana Ricarte;Amaniutuba
LAVRAS DA MANGABEIRA;14;48;Grupo Escolar Romana Ricarte;Amaniutuba
LAVRAS DA MANGABEIRA;14;49;Escola de 1º Grau Manoel Pinheiro de Sousa;Sítio Patos 1
LAVRAS DA MANGABEIRA;14;50;Escola de 1º e 2º Graus Joaquim Leite Teixeira;Quitaiús
LAVRAS DA MANGABEIRA;14;52;Grupo Escolar Romana Ricarte;Amaniutuba
LAVRAS DA MANGABEIRA;14;53;Grupo Escolar Romana Ricarte;Amaniutuba
LAVRAS DA MANGABEIRA;14;54;Centro de Educação Infantil Papa Paulo VI - Creche;Mangabeira
LAVRAS DA MANGABEIRA;14;55;Escola de 1º Grau Dr. João Gonçalves de Souza;Mangabeira
LAVRAS DA MANGABEIRA;14;56;Escola de 1º Grau Dr. João Gonçalves de Souza;Mangabeira
LAVRAS DA MANGABEIRA;14;63;Escola de 1º Grau Dr. João Gonçalves de Souza;Mangabeira
LAVRAS DA MANGABEIRA;14;65;Escola de 1º Grau Manoel Gonçalves;Arrojado
LAVRAS DA MANGABEIRA;14;67;Escola de 1º Grau Stela Sampaio;Sede
LAVRAS DA MANGABEIRA;14;68;Escola de 1º e 2º Graus Alda Férrer Augusto Dutra;Sede
LAVRAS DA MANGABEIRA;14;69;Centro Educacional Pequeno Príncipe;Sede
LAVRAS DA MANGABEIRA;14;76;EEF Francisco Assis de Souza;Iborepi
LAVRAS DA MANGABEIRA;14;80;Grupo Escolar Romana Ricarte;Amaniutuba
LAVRAS DA MANGABEIRA;14;81;Escola de 1º Grau Stela Sampaio;Sede
LAVRAS DA MANGABEIRA;14;82;Grupo Escolar Raimundo Batista de Sousa;Sítio Irapuá
LAVRAS DA MANGABEIRA;14;83;Escola de Ensino Infantil e Fundamental Ana Machado;Sítio Taveira
LAVRAS DA MANGABEIRA;14;84;Escola Municipal Cícero Correia Lima;Sítio Cajazeiras dos Robertos
LAVRAS DA MANGABEIRA;14;85;Associação dos Produtores Rurais;Sítio Cajazeiras
LAVRAS DA MANGABEIRA;14;86;Escola de 1º Grau Horácio Tavares;Sítio Varas
LAVRAS DA MANGABEIRA;14;88;Associação Comunitária Manoel Crispim de Sousa;Sítio Limoeiro
LAVRAS DA MANGABEIRA;14;89;Grupo Escolar Maria Pessoa de Moura;Sítio Oitis
LAVRAS DA MANGABEIRA;14;91;Escola de 1º Grau Virgílio Aguiar Gurgel;Sede
LAVRAS DA MANGABEIRA;14;93;Escola de 1º Grau Virgílio Aguiar Gurgel;Sede
LAVRAS DA MANGABEIRA;14;94;Escola de 1º Grau Agostinho Caetano;Sítio Patos 2
LAVRAS DA MANGABEIRA;14;95;Associação Comunitária José Amâncio Pereira;Sítio Barra da Pendência
LAVRAS DA MANGABEIRA;14;96;Escola de 1º Grau Virgílio Aguiar Gurgel;Sede
LAVRAS DA MANGABEIRA;14;97;Escola de Ensino Infantil e Fundamental Raimundo José da Fonseca;Sítio Botija
LAVRAS DA MANGABEIRA;14;98;Escola de 1º e 2º Graus Alda Férrer Augusto Dutra;Sede
LAVRAS DA MANGABEIRA;14;100;Escola de 1º e 2º Graus Alda Férrer Augusto Dutra;Sede
LAVRAS DA MANGABEIRA;14;101;Escola de 1º e 2º Graus Alda Férrer Augusto Dutra;Sede
LAVRAS DA MANGABEIRA;14;103;Centro de Educação Infantil Mundo Mágico - Creche;Sede
LAVRAS DA MANGABEIRA;14;105;Escola de 1º Grau Horácio Tavares;Sítio Varas
LAVRAS DA MANGABEIRA;14;106;Escola de 1º Grau Horácio Tavares;Sítio Varas
LAVRAS DA MANGABEIRA;14;107;Escola de 1º Grau Manoel Pinheiro de Sousa;Sítio Patos 1
LAVRAS DA MANGABEIRA;14;108;Posto de Saúde de Amaniutuba;Amaniutuba
LAVRAS DA MANGABEIRA;14;109;EEF Francisco Assis de Souza;Iborepi
LAVRAS DA MANGABEIRA;14;110;Escola de 1º Grau Stela Sampaio;Sede
LAVRAS DA MANGABEIRA;14;111;Escola de 1º e 2º Graus Alda Férrer Augusto Dutra;Sede
LAVRAS DA MANGABEIRA;14;112;Escola de 1º Grau Stela Sampaio;Sede
LAVRAS DA MANGABEIRA;14;114;Escola de 1º Grau Stela Sampaio;Sede
LAVRAS DA MANGABEIRA;14;115;Posto de Saúde de Amaniutuba;Amaniutuba
LAVRAS DA MANGABEIRA;14;116;Escola José Tomaz de Sousa;Sítio Alto
LAVRAS DA MANGABEIRA;14;117;Centro Educacional Pequeno Príncipe;Sede
